{"cameraMode":{"drawMode":0,"name":"Shaded","section":"Shading Mode"},"sceneLighting":false,"audioPlay":false,"sceneViewState":{"showFog":true,"showMaterialUpdate":false,"showSkybox":true,"showFlares":true,"showImageEffects":true,"showParticleSystems":true},"in2DMode":false,"pivot":{"x":3.2179672718048097,"y":2.3678951263427736,"z":-0.283542275428772},"rotation":{"x":-0.2087334841489792,"y":0.6644296646118164,"z":-0.20145419239997865,"w":-0.688812792301178},"size":1.3934259414672852,"orthographic":false}