{"cameraMode":{"drawMode":0,"name":"Shaded","section":"Shading Mode"},"sceneLighting":false,"audioPlay":false,"sceneViewState":{"showFog":true,"showMaterialUpdate":false,"showSkybox":true,"showFlares":true,"showImageEffects":true,"showParticleSystems":true},"in2DMode":false,"pivot":{"x":-1.1331371068954468,"y":0.9300000071525574,"z":-2.3983874320983888},"rotation":{"x":0.0907524824142456,"y":-0.8054872751235962,"z":0.12793247401714326,"w":0.5715163946151733},"size":2.2863073348999025,"orthographic":false}