{"cameraMode":{"drawMode":0,"name":"Shaded","section":"Shading Mode"},"sceneLighting":false,"audioPlay":false,"sceneViewState":{"showFog":true,"showMaterialUpdate":false,"showSkybox":true,"showFlares":true,"showImageEffects":true,"showParticleSystems":true},"in2DMode":false,"pivot":{"x":0.06587985157966614,"y":0.07772739231586456,"z":-0.022876158356666566},"rotation":{"x":0.21988308429718018,"y":-0.34079471230506899,"z":0.08232700824737549,"w":0.910362958908081},"size":22.694499969482423,"orthographic":false}