{"cameraMode":{"drawMode":0,"name":"Shaded","section":"Shading Mode"},"sceneLighting":false,"audioPlay":false,"sceneViewState":{"showFog":true,"showMaterialUpdate":false,"showSkybox":true,"showFlares":true,"showImageEffects":true,"showParticleSystems":true},"in2DMode":false,"pivot":{"x":-0.6826385259628296,"y":1.2161601781845093,"z":-1.1887630224227906},"rotation":{"x":0.059277139604091647,"y":0.15094350278377534,"z":-0.009055686183273793,"w":0.9867445230484009},"size":0.9699870944023132,"orthographic":false}