{"cameraMode":{"drawMode":0,"name":"Shaded","section":"Shading Mode"},"sceneLighting":false,"audioPlay":false,"sceneViewState":{"showFog":true,"showMaterialUpdate":false,"showSkybox":true,"showFlares":true,"showImageEffects":true,"showParticleSystems":true},"in2DMode":false,"pivot":{"x":0.8240699768066406,"y":1.3896628618240357,"z":0.23634940385818482},"rotation":{"x":0.2284582108259201,"y":0.3389325737953186,"z":-0.0852232426404953,"w":0.9087018370628357},"size":1.6416587829589844,"orthographic":false}