{"cameraMode":{"drawMode":0,"name":"Shaded","section":"Shading Mode"},"sceneLighting":false,"audioPlay":false,"sceneViewState":{"showFog":true,"showMaterialUpdate":false,"showSkybox":true,"showFlares":true,"showImageEffects":true,"showParticleSystems":true},"in2DMode":false,"pivot":{"x":0.16887742280960084,"y":-0.16962884366512299,"z":0.6138657927513123},"rotation":{"x":0.08585475385189057,"y":-0.7738632559776306,"z":0.10748519003391266,"w":0.6182675361633301},"size":0.5399060845375061,"orthographic":false}