{"cameraMode":{"drawMode":0,"name":"Shaded","section":"Shading Mode"},"sceneLighting":false,"audioPlay":false,"sceneViewState":{"showFog":true,"showMaterialUpdate":false,"showSkybox":true,"showFlares":true,"showImageEffects":true,"showParticleSystems":true},"in2DMode":false,"pivot":{"x":1.639404296875,"y":0.9300000071525574,"z":4.0548200607299809},"rotation":{"x":0.27519044280052187,"y":-0.6661887168884277,"z":0.291538804769516,"w":0.6288811564445496},"size":2.2863073348999025,"orthographic":false}