{"cameraMode":{"drawMode":0,"name":"Shaded","section":"Shading Mode"},"sceneLighting":false,"audioPlay":false,"sceneViewState":{"showFog":true,"showMaterialUpdate":false,"showSkybox":true,"showFlares":true,"showImageEffects":true,"showParticleSystems":true},"in2DMode":false,"pivot":{"x":-0.32871636748313906,"y":2.1184775829315187,"z":-1.6910821199417115},"rotation":{"x":0.09884113818407059,"y":-0.0011975961970165372,"z":0.00016085393144749105,"w":0.9951318502426148},"size":1.145064353942871,"orthographic":false}