{"cameraMode":{"drawMode":0,"name":"Shaded","section":"Shading Mode"},"sceneLighting":false,"audioPlay":false,"sceneViewState":{"showFog":true,"showMaterialUpdate":false,"showSkybox":true,"showFlares":true,"showImageEffects":true,"showParticleSystems":true},"in2DMode":false,"pivot":{"x":0.0,"y":0.9300000071525574,"z":2.9100000858306886},"rotation":{"x":0.28550148010253909,"y":0.5836077928543091,"z":-0.22993256151676179,"w":0.7246471643447876},"size":2.2863073348999025,"orthographic":false}